gene	anchor_index	function	motif
IGHV9S7*01	281	F	TGT
IGHV9-4*01	285	F	TGT
IGHV9-4*02	285	F	TGT
IGHV9-4*03	277	F	TGT
IGHV9-1*01	285	F	TGT
IGHV9-2*01	285	F	TGT
IGHV9-2*02	285	F	TGT
IGHV9-3*01	285	F	TGT
IGHV9-3*02	285	F	TGT
IGHV9-3*03	285	F	TGT
IGHV9-1*02	285	F	TGT
IGHV9-3-1*01	285	F	TGT
IGHV9-2-1*01	285	F	TGT
IGHV9S8*01	285	F	TGT
IGHV15-2*01	288	F	TGT
IGHV15-2*02	288	(F)	TGT
IGHV1-49*01	285	F	TGT
IGHV1-8*01	285	P	TGT
IGHV1-46*01	285	P	TGT
IGHV14S4*01	282	(F)	TGT
IGHV14-1*02	285	F	TGT
IGHV14-4*01	285	F	TGT
IGHV14-1*01	285	F	TGT
IGHV14-4*02	285	F	TGT
IGHV14-2*01	285	F	TGT
IGHV14-2*02	285	P	TGT
IGHV14-3*01	285	F	TGT
IGHV14-3*02	285	F	TGT
IGHV1-11*01	285	F	TGT
IGHV1-51*01	285	P	TGT
IGHV1-60*01	285	P	TGT
IGHV1-16*01	285	ORF	TGT
IGHV1-24*01	285	ORF	TGT
IGHV1-13*01	285	P	TGT
IGHV1-48*01	285	P	TGT
IGHV1-47*01	285	F	TGT
IGHV1-62-2*01	285	F	TGT
IGHV1-71*01	285	F	TGT
IGHV1-71*02	276	F	TGT
IGHV1S18*01	285	P	TGT
IGHV1S26*01	285	F	TGT
IGHV1-4*02	285	F	TGT
IGHV1-7*01	285	F	TGT
IGHV1-4*01	285	F	TGT
IGHV1-5*01	285	F	TGT
IGHV1-87*01	285	F	TGT
IGHV1-15*01	285	F	TGT
IGHV1-23*01	285	ORF	TGT
IGHV1-12*01	285	F	TGT
IGHV1-79*01	285	P	TGT
IGHV1-52*01	285	F	TGT
IGHV1-61*01	285	F	TGT
IGHV1-74*04	285	F	TGT
IGHV1-74*01	285	F	TGT
IGHV1S127*01	285	[F]	TGT
IGHV1S126*01	285	[F]	TGT
IGHV1-59*01	285	F	TGT
IGHV1-50*01	285	F	TGT
IGHV1-69*01	285	F	TGT
IGHV1-69*02	285	F	TGT
IGHV1S55*01	285	F	TGT
IGHV1S14*01	285	F	TGT
IGHV1S35*01	285	F	TGT
IGHV1S130*01	285	[F]	TGT
IGHV1S22*01	276	F	TGT
IGHV1S17*01	285	P	TGT
IGHV1-64*01	285	F	TGT
IGHV1S16*01	285	P	TGT
IGHV1-53*01	285	F	TGT
IGHV1S81*02	285	[F]	TGT
IGHV1S61*01	285	F	TGT
IGHV1S5*01	285	F	TGT
IGHV1-72*04	285	F	TGT
IGHV1S36*01	285	F	TGT
IGHV1S36*02	285	[F]	TGT
IGHV1-62-3*01	285	ORF	TGT
IGHV1-72*01	285	F	TGT
IGHV1S15*01	285	P	TGT
IGHV1-55*01	285	F	TGT
IGHV1-78*01	285	F	TGT
IGHV1S53*03	285	F	TGT
IGHV1S53*01	285	F	TGT
IGHV1S53*02	285	F	TGT
IGHV1S41*01	258	F	TGT
IGHV1-14*01	285	F	TGT
IGHV1S136*01	285	[F]	TGT
IGHV1-9*01	285	F	TGT
IGHV1-80*01	285	F	TGT
IGHV1-82*01	285	F	TGT
IGHV1-54*03	285	[F]	TGT
IGHV1-54*01	285	F	TGT
IGHV1-54*02	285	F	TGT
IGHV1-63*01	285	F	TGT
IGHV1-63*02	285	F	TGT
IGHV1S11*01	285	P	TGT
IGHV1S28*01	285	P	TGT
IGHV1S20*01	242	F	TGT
IGHV1S20*02	240	[F]	TGT
IGHV1S134*01	285	[F]	TGT
IGHV1S47*01	285	ORF	TGT
IGHV1-58*01	285	F	TGT
IGHV1-58*02	285	P	TGT
IGHV1-81*01	285	F	TGT
IGHV1-83*01	285	P	TGT
IGHV1S12*01	285	F	TGT
IGHV1S19*01	285	P	TGT
IGHV1-85*01	285	F	TGT
IGHV1-66*01	285	F	TGT
IGHV1S50*01	285	F	TGT
IGHV1S56*01	285	F	TGT
IGHV1-75*01	285	F	TGT
IGHV1-84*01	285	F	TGT
IGHV1-84*02	285	[F]	TGT
IGHV1-76*01	285	F	TGT
IGHV1-77*01	285	F	TGT
IGHV1-70*01	285	P	TGT
IGHV1S40*01	285	F	TGT
IGHV1S10*01	285	P	TGT
IGHV1S10*02	285	P	TGT
IGHV1S51*01	285	P	TGT
IGHV1S132*01	285	[F]	TGT
IGHV1-62-1*01	283	F	TGT
IGHV1-56*01	285	F	TGT
IGHV1-56*02	285	[F]	TGT
IGHV1-67*01	285	P	TGT
IGHV1S137*01	285	[F]	TGT
IGHV1-17-1*01	285	P	TGT
IGHV1-32*01	285	P	TGT
IGHV1-27*01	285	P	TGT
IGHV1S34*01	257	F	TGT
IGHV1-20*01	285	F	TGT
IGHV1-20*02	285	F	TGT
IGHV1-37*01	285	F	TGT
IGHV1-39*01	285	F	TGT
IGHV1S135*01	285	[F]	TGT
IGHV1-31*01	285	F	TGT
IGHV1S46*01	285	[F]	TGT
IGHV1-21*01	285	P	TGT
IGHV1-25*01	285	P	TGT
IGHV1S9*01	285	P	TGT
IGHV1S30*01	285	P	TGT
IGHV1S30*02	276	F	TGT
IGHV1S45*01	285	F	TGT
IGHV1-36*01	285	F	TGT
IGHV1-43*01	285	F	TGT
IGHV1-42*01	285	F	TGT
IGHV1S29*02	285	F	TGT
IGHV1-19*01	285	F	TGT
IGHV1-34*01	285	F	TGT
IGHV1-34*02	285	F	TGT
IGHV1-22*01	285	F	TGT
IGHV1-26*01	285	F	TGT
IGHV1-18*01	285	F	TGT
IGHV5-21*01	285	P	TGT
IGHV16-1*01	288	ORF	TGT
IGHV5-16*01	285	F	TGT
IGHV5-16*02	285	[F]	TGT
IGHV5-2*03	285	[F]	TGT
IGHV5-2*01	285	F	TGT
IGHV5-2*02	285	F	TGT
IGHV5-15*02	285	F	TGT
IGHV5-15*03	252	[F]	TGT
IGHV5-15*05	285	F	TGT
IGHV5-15*01	285	F	TGT
IGHV5-15*04	285	[F]	TGT
IGHV5-17*02	285	F	TGT
IGHV5-17*01	285	F	TGT
IGHV5-17*03	285	[F]	TGT
IGHV5-1*01	285	P	TGT
IGHV5-1*02	285	P	TGT
IGHV5-12-4*01	285	F	TGT
IGHV5S24*01	285	[F]	TGT
IGHV5-6-6*01	285	F	TGT
IGHV5-6-2*01	285	F	TGT
IGHV5-6-2*02	252	F	TGT
IGHV5-6-3*01	285	F	TGT
IGHV5-6-3*02	219	F	TGT
IGHV5-12*03	285	[F]	TGT
IGHV5-12*01	285	F	TGT
IGHV5-12*02	285	F	TGT
IGHV5-12-1*01	285	F	TGT
IGHV5-12-2*01	285	F	TGT
IGHV5-12-2*02	252	F	TGT
IGHV5-9-1*02	285	F	TGT
IGHV5S21*01	285	[F]	TGT
IGHV5-4*02	285	F	TGT
IGHV5-4*01	285	F	TGT
IGHV5-4*03	285	[F]	TGT
IGHV5-9-4*01	285	F	TGT
IGHV5-6-4*01	285	F	TGT
IGHV5-6-4*02	285	F	TGT
IGHV5-6-5*01	282	F	TGT
IGHV5S12*01	255	[F]	TGT
IGHV5-6*01	285	F	TGT
IGHV5-6-1*01	285	F	TGT
IGHV5-6*02	285	[F]	TGT
IGHV5-6*03	285	[F]	TGT
IGHV5-9*02	285	F	TGT
IGHV5-9*03	285	F	TGT
IGHV5-9-5*01	285	F	TGT
IGHV5-9*04	285	[F]	TGT
IGHV5-9*01	285	F	TGT
IGHV5-9-2*01	285	F	TGT
IGHV5S4*01	285	F	TGT
IGHV5-9-1*01	285	F	TGT
IGHV5-9-3*01	285	F	TGT
IGHV7-1*01	291	F	TGT
IGHV7-1*03	291	F	TGT
IGHV7-1*02	291	F	TGT
IGHV7-2*01	291	ORF	TGT
IGHV7-3*02	291	F	TGT
IGHV7-3*03	291	F	TGT
IGHV7-3*04	291	F	TGT
IGHV7-3*01	291	F	TGT
IGHV7-4*02	291	F	TGT
IGHV7-4*03	291	F	TGT
IGHV7-4*01	291	F	TGT
IGHV7-4*04	291	F	TGT
IGHV10-3*03	291	F	TGT
IGHV10-3*01	291	F	TGT
IGHV10-3*02	291	F	TGT
IGHV10-1*01	291	F	TGT
IGHV10-1*02	291	F	TGT
IGHV10S3*01	291	F	TGT
IGHV10S4*01	291	(F)	TGT
IGHV13-1*01	291	P	TGT
IGHV13-2*01	291	F	TGT
IGHV13-2*02	291	F	TGT
IGHV13-2*03	291	(F)	TGT
IGHV6-7*01	291	F	TGT
IGHV6-7*02	291	F	TGT
IGHV6-4*01	291	F	TGT
IGHV6-4*02	291	ORF	TGT
IGHV6-5*01	291	ORF	TGT
IGHV6-5*02	291	ORF	TGT
IGHV6-6*01	291	F	TGT
IGHV6-6*02	291	F	TGT
IGHV11-1*01	285	F	TGT
IGHV11-2*01	285	F	TGT
IGHV11-2*02	285	F	TGT
IGHV11-1*02	285	F	TGT
IGHV4-1*01	285	F	TGT
IGHV4-2*02	285	F	TGT
IGHV4-2*01	285	P	TGT
IGHV4-1*02	285	F	TGT
IGHV12-1-1*01	288	F	TGT
IGHV12-1*01	288	P	TGT
IGHV12-1-2*01	288	P	TGT
IGHV12-3*01	285	F	TGT
IGHV12-3*02	285	F	TGT
IGHV3-3*02	285	P	TGT
IGHV3-3*03	137	F	TGT
IGHV3-3*01	285	F	TGT
IGHV3-5*01	288	F	TGT
IGHV3-5*02	288	F	TGT
IGHV3-4*01	288	F	TGT
IGHV3-4*02	288	F	TGT
IGHV3-7*01	285	P	TGT
IGHV3-7*02	285	P	TGT
IGHV3S7*01	282	(F)	TGT
IGHV3-8*01	282	F	TGT
IGHV3-8*02	282	F	TGT
IGHV3S1*02	282	F	TGT
IGHV3S1*01	282	F	TGT
IGHV3-6*03	285	(F)	TGT
IGHV3-6*01	285	F	TGT
IGHV3-6*02	285	F	TGT
IGHV3-1*01	285	F	TGT
IGHV3-1*02	285	F	TGT
IGHV3-2*02	285	F	TGT
IGHV8-4*01	288	ORF	TGT
IGHV8-7*01	288	P	TGT
IGHV8-8-1*01	288	ORF	TGT
IGHV8-12*01	288	F	TGT
IGHV8-6*01	288	F	TGT
IGHV8-13*01	288	P	TGT
IGHV8-11*01	288	F	TGT
IGHV8-5*01	288	ORF	TGT
IGHV8-8*01	288	F	TGT
IGHV8-14*01	288	P	TGT
IGHV8S2*01	288	P	TGT
IGHV8-10*01	288	P	TGT
IGHV2-7*01	282	F	TGT
IGHV2-2-1*01	282	P	TGT
IGHV2-5*01	282	F	TGT
IGHV2-5-1*01	282	F	TGT
IGHV2-3-1*01	282	F	TGT
IGHV2-2-2*01	282	F	TGT
IGHV2-2*01	282	F	TGT
IGHV2-2*03	282	F	TGT
IGHV2-2*02	282	F	TGT
IGHV2-4-1*01	282	F	TGT
IGHV2-4*01	282	F	TGT
IGHV2-4*02	282	F	TGT
IGHV2-6-3*01	279	F	TGT
IGHV2S3*01	282	F	TGT
IGHV2-6-6*01	282	F	TGT
IGHV2-3*01	282	F	TGT
IGHV2-6*01	282	F	TGT
IGHV2-6-8*01	282	F	TGT
IGHV2-9*01	282	F	TGT
IGHV2-9*02	282	F	TGT
IGHV2-6-5*01	282	F	TGT
IGHV2-6-4*01	282	F	TGT
IGHV2-6-7*01	282	F	TGT
IGHV2-6-7*02	282	F	TGT
IGHV2-6-2*01	282	F	TGT
IGHV2-6*02	282	F	TGT
IGHV2-6-1*01	282	F	TGT
IGHV2-6*03	282	F	TGT
IGHV2-9-2*01	282	F	TGT
IGHV2-9-1*01	282	F	TGT
IGHV9-1*04	63	F	TGC
IGHV9-1*03	63	F	TGC
IGHV1S121*01	63	[F]	TGC
IGHV1S82*01	63	[F]	TGC
IGHV1S37*01	54	F	TGC
IGHV1S74*01	63	[P]	TGC
IGHV1S72*01	63	[F]	TGC
IGHV1S70*01	63	[F]	TGC
IGHV1S78*01	63	[F]	TGC
IGHV1-74*02	63	[F]	TGC
IGHV1-74*03	63	[F]	TGC
IGHV1-69*03	63	[F]	TGC
IGHV1S83*01	63	[F]	TGC
IGHV1S124*01	63	[P]	TGC
IGHV1-64*02	63	[F]	TGC
IGHV1S92*01	63	[F]	TGC
IGHV1S73*01	63	[F]	TGC
IGHV1S122*01	63	[F]	TGC
IGHV1S120*01	63	[F]	TGC
IGHV1S120*02	63	[F]	TGC
IGHV1-53*03	63	[F]	TGC
IGHV1-53*02	63	[F]	TGC
IGHV1S67*01	63	[F]	TGC
IGHV1S67*02	63	[F]	TGC
IGHV1S81*01	63	[F]	TGC
IGHV1S84*01	63	[P]	TGC
IGHV1S95*01	63	[F]	TGC
IGHV1S87*01	63	[F]	TGC
IGHV1S96*01	63	[F]	TGC
IGHV1-72*02	63	[F]	TGC
IGHV1S65*02	63	[P]	TGC
IGHV1S65*01	63	[F]	TGC
IGHV1-72*05	63	[F]	TGC
IGHV1-72*03	63	[F]	TGC
IGHV1S75*01	63	[F]	TGC
IGHV1S75*02	63	[F]	TGC
IGHV1S68*01	63	[F]	TGC
IGHV1S68*02	63	[F]	TGC
IGHV1-55*02	63	[F]	TGC
IGHV1-55*03	63	[F]	TGC
IGHV1-55*04	63	[F]	TGC
IGHV1S52*01	63	F	TGC
IGHV1S49*01	63	F	TGC
IGHV1S21*01	20	F	TGC
IGHV1S21*02	18	[F]	TGC
IGHV1S33*01	54	F	TGC
IGHV1S31*01	54	F	TGC
IGHV1S32*01	54	F	TGC
IGHV1-19-1*01	63	P	TGC
IGHV1-35*01	63	P	TGC
IGHV1-35*02	63	P	TGC
IGHV1-35*03	63	P	TGC
IGHV1-21-1*01	63	P	TGC
IGHV1S101*01	63	[P]	TGC
IGHV1S101*02	63	[P]	TGC
IGHV1S110*01	63	[P]	TGC
IGHV1S44*01	63	[F]	TGC
IGHV1S103*01	63	[F]	TGC
IGHV1-42*02	63	[F]	TGC
IGHV1S29*01	63	F	TGC
IGHV1S113*01	63	[F]	TGC
IGHV1S113*02	63	[F]	TGC
IGHV1S112*01	63	[P]	TGC
IGHV1S112*02	63	[F]	TGC
IGHV1S111*01	63	[F]	TGC
IGHV1-18*02	63	[F]	TGC
IGHV1S100*01	63	[F]	TGC
IGHV1-18*03	63	[F]	TGC
IGHV12-1*02	63	P	TGC
IGHV12-2-1*01	63	ORF	TGC
IGHV12-2*01	63	P	TGC
