gene	anchor_index	function	motif
TRBV30*04	264	(F)	TGT
TRBV30*01	270	F	TGT
TRBV30*02	267	F	TGT
TRBV3-2*01	270	P	TGT
TRBV3-2*02	270	P	TGT
TRBV3-1*01	267	F	TGT
TRBV3-1*02	270	(F)	TGT
TRBV4-2*01	267	F	TGT
TRBV18*01	273	F	TGT
TRBV16*01	273	F	TGT
TRBV13*01	270	F	TGT
TRBV9*01	270	F	TGT
TRBV5-3*01	270	ORF	TGT
TRBV5-3*02	270	ORF	TGT
TRBV5-8*01	270	F	TGT
TRBV5-4*01	270	F	TGT
TRBV5-4*02	270	(F)	TGT
TRBV5-6*01	270	F	TGT
TRBV5-5*01	270	F	TGT
TRBV5-7*01	270	ORF	TGT
TRBV14*01	273	F	TGT
TRBV2*01	273	F	TGT
TRBV2*03	273	(F)	TGT
TRBV12-2*01	270	P	TGT
TRBV12-1*01	270	P	TGT
TRBV12-5*01	273	F	TGT
TRBV12-3*01	273	F	TGT
TRBV12-4*01	273	F	TGT
TRBV12-4*02	273	(F)	TGT
TRBV11-3*01	273	F	TGT
TRBV11-1*01	273	F	TGT
TRBV11-2*02	273	[F]	TGT
TRBV11-2*03	273	(F)	TGT
TRBV11-2*01	273	F	TGT
TRBV7-1*01	273	ORF	TGT
TRBV7-2*01	273	F	TGT
TRBV7-2*03	270	F	TGT
TRBV7-2*02	273	F	TGT
TRBV7-2*05	273	F	TGT
TRBV7-3*01	273	F	TGT
TRBV7-3*04	273	(F)	TGT
TRBV7-9*04	273	(F)	TGT
TRBV7-9*07	189	(F)	TGT
TRBV7-9*01	273	F	TGT
TRBV7-9*06	273	(F)	TGT
TRBV7-9*05	273	(F)	TGT
TRBV7-4*01	273	F	TGT
TRBV7-8*01	273	F	TGT
TRBV7-8*02	273	F	TGT
TRBV7-6*01	273	F	TGT
TRBV7-7*01	273	F	TGT
TRBV7-7*03	273	F	TGT
TRBV15*03	270	(F)	TGT
TRBV15*01	270	F	TGT
TRBV15*02	270	(F)	TGT
TRBV19*01	270	F	TGT
TRBV25-1*01	270	F	TGT
TRBV28*01	270	F	TGT
TRBV27*01	270	F	TGT
TRBV24-1*01	270	F	TGT
TRBV10-3*01	270	F	TGT
TRBV10-3*02	267	F	TGT
TRBV6-4*01	270	F	TGT
TRBV6-1*01	270	F	TGT
TRBV6-2*01	270	F	TGT
TRBV6-3*01	270	F	TGT
TRBV6-7*01	270	ORF	TGT
TRBV6-8*01	267	F	TGT
TRBV6-6*01	270	F	TGT
TRBV6-6*02	270	F	TGT
TRBV6-9*01	270	F	TGT
TRBV6-5*01	270	F	TGT
TRBV30*04	266	(F)	TGC
TRBV30*01	272	F	TGC
TRBV30*02	269	F	TGC
TRBV3-2*01	272	P	TGC
TRBV3-2*02	272	P	TGC
TRBV3-1*01	269	F	TGC
TRBV3-1*02	272	(F)	TGC
TRBV4-2*01	269	F	TGC
TRBV18*01	275	F	TGC
TRBV16*01	275	F	TGC
TRBV13*01	272	F	TGC
TRBV9*01	272	F	TGC
TRBV5-3*01	272	ORF	TGC
TRBV5-3*02	272	ORF	TGC
TRBV5-8*01	272	F	TGC
TRBV5-4*01	272	F	TGC
TRBV5-4*02	272	(F)	TGC
TRBV5-6*01	272	F	TGC
TRBV5-5*01	272	F	TGC
TRBV5-7*01	272	ORF	TGC
TRBV14*01	275	F	TGC
TRBV2*01	275	F	TGC
TRBV2*03	275	(F)	TGC
TRBV12-2*01	272	P	TGC
TRBV12-1*01	272	P	TGC
TRBV12-5*01	275	F	TGC
TRBV12-3*01	275	F	TGC
TRBV12-4*01	275	F	TGC
TRBV12-4*02	275	(F)	TGC
TRBV11-3*01	275	F	TGC
TRBV11-1*01	275	F	TGC
TRBV11-2*02	275	[F]	TGC
TRBV11-2*03	275	(F)	TGC
TRBV11-2*01	275	F	TGC
TRBV7-1*01	275	ORF	TGC
TRBV7-2*01	275	F	TGC
TRBV7-2*02	275	F	TGC
TRBV7-2*05	275	F	TGC
TRBV7-3*01	275	F	TGC
TRBV7-3*04	275	(F)	TGC
TRBV7-3*02	275	ORF	TGC
TRBV7-3*03	275	ORF	TGC
TRBV7-9*04	275	(F)	TGC
TRBV7-9*07	191	(F)	TGC
TRBV7-9*01	275	F	TGC
TRBV7-9*06	275	(F)	TGC
TRBV7-9*05	275	(F)	TGC
TRBV7-4*01	275	F	TGC
TRBV7-8*01	275	F	TGC
TRBV7-8*02	275	F	TGC
TRBV7-6*01	275	F	TGC
TRBV7-7*01	275	F	TGC
TRBV7-7*03	275	F	TGC
TRBV15*03	272	(F)	TGC
TRBV15*01	272	F	TGC
TRBV15*02	272	(F)	TGC
TRBV19*01	272	F	TGC
TRBV26*01	272	P	TGC
TRBV25-1*01	272	F	TGC
TRBV28*01	272	F	TGC
TRBV27*01	272	F	TGC
TRBV24-1*01	272	F	TGC
TRBV10-3*01	272	F	TGC
TRBV10-3*02	269	F	TGC
TRBV6-4*01	272	F	TGC
TRBV6-1*01	272	F	TGC
TRBV6-2*01	272	F	TGC
TRBV6-3*01	272	F	TGC
TRBV6-7*01	272	ORF	TGC
TRBV6-8*01	269	F	TGC
TRBV6-6*01	272	F	TGC
TRBV6-6*02	272	F	TGC
TRBV6-9*01	272	F	TGC
TRBV6-5*01	272	F	TGC
