gene	anchor_index	function	motif
TRBV30*05	270	(F)	TGT
TRBV30*04	264	(F)	TGT
TRBV30*03	270	P	TGT
TRBV30*01	270	F	TGT
TRBV30*02	270	F	TGT
TRBV15*03	270	(F)	TGT
TRBV15*01	270	F	TGT
TRBV15*02	270	F	TGT
TRBV19*01	270	F	TGT
TRBV19*02	270	F	TGT
TRBV19*03	270	(F)	TGT
TRBV25-1*01	270	F	TGT
TRBV28*01	270	F	TGT
TRBV27*01	270	F	TGT
TRBV24-1*01	270	F	TGT
TRBV24-1*02	270	F	TGT
TRBV24/OR9-2*01	270	ORF	TGT
TRBV10-3*01	270	F	TGT
TRBV10-3*02	270	F	TGT
TRBV10-3*03	270	[F]	TGT
TRBV10-3*04	270	[F]	TGT
TRBV6-4*01	270	F	TGT
TRBV6-4*02	270	F	TGT
TRBV6-1*01	270	F	TGT
TRBV6-2*01	270	F	TGT
TRBV6-3*01	270	F	TGT
TRBV6-7*01	270	ORF	TGT
TRBV6-8*01	267	F	TGT
TRBV6-6*04	270	(F)	TGT
TRBV6-6*05	270	(F)	TGT
TRBV6-6*01	270	F	TGT
TRBV6-6*02	270	F	TGT
TRBV6-6*03	270	(F)	TGT
TRBV6-9*01	270	F	TGT
TRBV6-5*01	270	F	TGT
TRBV3-2*03	270	(P)	TGT
TRBV3-2*01	270	P	TGT
TRBV3-2*02	270	P	TGT
TRBV3-1*01	270	F	TGT
TRBV3-1*02	270	(F)	TGT
TRBV4-2*01	270	F	TGT
TRBV4-2*02	270	(F)	TGT
TRBV13*01	270	F	TGT
TRBV13*02	270	(F)	TGT
TRBV9*01	270	F	TGT
TRBV9*02	270	F	TGT
TRBV9*03	270	(F)	TGT
TRBV5-3*01	270	ORF	TGT
TRBV5-3*02	270	ORF	TGT
TRBV5-8*01	270	F	TGT
TRBV5-8*02	226	(F)	TGT
TRBV5-4*04	180	(F)	TGT
TRBV5-4*03	222	(F)	TGT
TRBV5-4*01	270	F	TGT
TRBV5-4*02	270	(F)	TGT
TRBV5-6*01	270	F	TGT
TRBV5-7*01	270	ORF	TGT
TRBV5-5*02	270	(F)	TGT
TRBV5-5*03	270	(F)	TGT
TRBV5-5*01	270	F	TGT
TRBV14*01	273	F	TGT
TRBV14*02	273	(F)	TGT
TRBV2*02	273	(F)	TGT
TRBV2*01	273	F	TGT
TRBV2*03	273	(F)	TGT
TRBV12-2*01	273	P	TGT
TRBV12-1*01	273	P	TGT
TRBV12-5*01	273	F	TGT
TRBV12-3*01	273	F	TGT
TRBV12-4*01	273	F	TGT
TRBV12-4*02	273	(F)	TGT
TRBV11-3*03	257	(F)	TGT
TRBV11-3*02	273	(F)	TGT
TRBV11-3*01	273	F	TGT
TRBV11-3*04	273	(F)	TGT
TRBV11-1*01	273	F	TGT
TRBV11-2*02	273	[F]	TGT
TRBV11-2*01	273	F	TGT
TRBV11-2*03	273	F	TGT
TRBV7-1*01	273	ORF	TGT
TRBV7-2*02	273	F	TGT
TRBV7-2*03	273	F	TGT
TRBV7-2*01	273	F	TGT
TRBV7-2*04	273	(F)	TGT
TRBV7-3*05	219	(F)	TGT
TRBV7-3*01	273	F	TGT
TRBV7-3*04	273	(F)	TGT
TRBV7-9*04	273	(F)	TGT
TRBV7-9*06	273	(F)	TGT
TRBV7-9*05	273	(F)	TGT
TRBV7-9*02	273	(F)	TGT
TRBV7-9*03	273	F	TGT
TRBV7-9*01	273	F	TGT
TRBV7-9*07	189	(F)	TGT
TRBV7-4*01	273	F	TGT
TRBV7-8*03	273	(F)	TGT
TRBV7-8*01	273	F	TGT
TRBV7-8*02	273	F	TGT
TRBV7-6*01	273	F	TGT
TRBV7-6*02	273	(F)	TGT
TRBV7-7*01	273	F	TGT
TRBV7-7*02	273	(F)	TGT
TRBV18*01	273	F	TGT
TRBV16*03	273	(F)	TGT
TRBV16*01	273	F	TGT
TRBV16*02	273	P	TGT
TRBV23/OR9-2*01	273	P	TGT
TRBV21/OR9-2*01	273	P	TGT
TRBV21-1*01	273	P	TGT
TRBV21-1*02	273	P	TGT
TRBV26*01	272	P	TGC
TRBV7-3*02	275	ORF	TGC
TRBV7-3*03	275	ORF	TGC
